,dataset_name,metrics_recorded,AUC,ACC,logloss,f1_score
0,adult,mean_per_class_error,0.6763096903225687,0.8771750255885363,0.2912394193558665,0.922279792746114
1,agaricus-lepiota,mean_per_class_error,0.49804602692140687,1.0,0.003487926621188995,1.0
2,churn,mean_per_class_error,0.10243277848911651,0.938,0.18713934557006204,0.7669172932330828
3,nursery,mean_per_class_error,,1.0,0.014492483767623542,1.0
4,satimage,mean_per_class_error,,0.9394409937888198,0.1900639303428139,0.9269375126893817
5,texture,mean_per_class_error,,0.7218181818181818,0.8656285935529172,0.6680086564488777
