,dataset_name,metrics_recorded,AUC,ACC,logloss,f1_score
0,adult,accuracy,0.7248080342467456,0.8751279426816786,0.27835761623356003,0.9205315268368942
1,agaricus-lepiota,accuracy,0.5,1.0,9.992007221626413e-16,1.0
2,churn,accuracy,0.24964706654847502,0.958,0.161308786879801,0.832
3,nursery,accuracy,,1.0,0.007440598117020713,1.0
4,satimage,accuracy,,0.9347826086956522,0.6609413982167279,0.9210737514421238
5,texture,accuracy,,,,
