,dataset_name,metrics_recorded,MAE,MSE,MSLE,RMSE,RMSLE,r2
0,294_satellite_image,RMSLE,0.3462742229686886,0.4582809535341421,0.01904283560896427,0.6769645142355263,0.13799578112741082,0.9052768924277396
1,218_house_8L,RMSLE,15164.701736117642,800606868.1037136,0.354309848988607,28294.99722749083,0.5952393207682158,0.6906707067362066
2,227_cpu_small,RMSLE,1.9879452076320077,8.038322532545074,0.0015296287793940162,2.8351935617423147,0.0391104689232182,0.9746613622440445
3,503_wind,RMSLE,2.217860733894614,8.237003297940754,0.04541156677243609,2.870017996100504,0.21309989857443876,0.8137809394051518
4,344_mv,RMSLE,0.28065595853722,0.1995799596832908,,0.446743729316138,,0.9981355913616916
5,215_2dplanes,RMSLE,1.2129531549764299,2.3171399467684486,,1.5222154731733772,,0.8787106893445628
