,dataset_name,metrics_recorded,MAE,MSE,MSLE,RMSE,RMSLE,r2
0,294_satellite_image,neg_mean_squared_log_error,0.29089026915113875,0.5125086266390614,0.018292279785866117,0.7158970782445346,0.1352489548420472,0.894068454299778
1,218_house_8L,neg_mean_squared_log_error,15639.608991719511,871582598.273133,0.39054556556318737,29522.577771480814,0.6249364492195886,0.6632479186901964
2,227_cpu_small,neg_mean_squared_log_error,1.930826978407771,7.781712180861671,0.0023624636280546664,2.7895720426010997,0.04860518108241822,0.9754702569754277
3,503_wind,neg_mean_squared_log_error,2.321538451130413,8.957069323079793,0.050766654423321955,2.9928363341619257,0.22531456771216982,0.7975019585771144
4,344_mv,neg_mean_squared_log_error,0.026260744509630434,0.003878690847069125,,0.06227913653117812,,0.9999637665789086
5,215_2dplanes,neg_mean_squared_log_error,0.7904738883346203,0.9941721470701558,,0.997081815635084,,0.9479606509916921
